{
  "version": 3,
  "global": {
    "trigger_bump_100_percent": false,
    "emulation_mode": "xbox360",
    "auto_connect": false,
    "minimize_to_tray": true,
    "known_ble_devices": {
      "3C:A9:AB:60:24:BF/P": {
        "stick_left_octagon": [
          [
            1.0,
            0.008
          ],
          [
            0.7630293159609121,
            0.7456
          ],
          [
            0.08469055374592833,
            0.9944
          ],
          [
            -0.752442996742671,
            0.712
          ],
          [
            -1.0,
            -0.0184
          ],
          [
            -0.7728013029315961,
            -0.7176
          ],
          [
            -0.04560260586319218,
            -1.0
          ],
          [
            0.7312703583061889,
            -0.7488
          ]
        ],
        "stick_left_range_y": 1250.0,
        "stick_right_center_y": 2110.5,
        "stick_right_range_x": 1120.5,
        "trigger_right_max": 233.0,
        "trigger_left_max": 228.0,
        "stick_left_center_x": 2114.0,
        "stick_right_octagon": [
          [
            1.0,
            -0.023798832510103278
          ],
          [
            0.7599286033020973,
            0.7144140098787607
          ],
          [
            0.015618027666220438,
            1.0
          ],
          [
            -0.7376171352074966,
            0.7063313875168388
          ],
          [
            -1.0,
            0.02918724741805119
          ],
          [
            -0.7349397590361446,
            -0.7063313875168388
          ],
          [
            0.08433734939759036,
            -0.9982038616973506
          ],
          [
            0.7947344935296743,
            -0.7431522227211496
          ]
        ],
        "stick_right_center_x": 2140.5,
        "stick_left_center_y": 2052.0,
        "stick_right_range_y": 1113.5,
        "trigger_left_base": 32.0,
        "stick_left_range_x": 1228.0,
        "trigger_left_bump": 186.0,
        "trigger_right_base": 34.0,
        "trigger_right_bump": 191.0
      },
      "3C:A9:AB:60:22:B0/P": {
        "stick_left_octagon": [
          [
            1.0,
            0.013654618473895583
          ],
          [
            0.7566478646253022,
            0.763855421686747
          ],
          [
            0.088638195004029,
            1.0
          ],
          [
            -0.7590652699435939,
            0.727710843373494
          ],
          [
            -1.0,
            -0.00642570281124498
          ],
          [
            -0.7687348912167606,
            -0.7453815261044177
          ],
          [
            -0.017727639000805803,
            -1.0
          ],
          [
            0.7332796132151491,
            -0.7751004016064257
          ]
        ],
        "stick_left_range_y": 1245.0,
        "stick_right_center_y": 2067.0,
        "stick_right_range_x": 1125.5,
        "trigger_right_max": 224.0,
        "trigger_left_max": 225.0,
        "stick_left_center_x": 2116.0,
        "stick_right_octagon": [
          [
            1.0,
            -0.01588702559576346
          ],
          [
            0.730786317192359,
            0.7308031774051191
          ],
          [
            -0.003109729009329187,
            1.0
          ],
          [
            -0.7574411372723234,
            0.7140335392762577
          ],
          [
            -1.0,
            0.00264783759929391
          ],
          [
            -0.7592181252776544,
            -0.675198587819947
          ],
          [
            -0.02265659706796979,
            -1.0
          ],
          [
            0.7592181252776544,
            -0.7299205648720212
          ]
        ],
        "stick_right_center_x": 2096.5,
        "stick_left_center_y": 2070.0,
        "stick_right_range_y": 1133.0,
        "trigger_left_base": 33.0,
        "stick_left_range_x": 1241.0,
        "trigger_left_bump": 182.0,
        "trigger_right_base": 29.0,
        "trigger_right_bump": 180.0
      }
    }
  },
  "slots": {
    "0": {
      "trigger_left_base": 32.0,
      "trigger_left_bump": 186.0,
      "trigger_left_max": 228.0,
      "trigger_right_base": 34.0,
      "trigger_right_bump": 191.0,
      "trigger_right_max": 233.0,
      "stick_left_center_x": 2114.0,
      "stick_left_range_x": 1228.0,
      "stick_left_center_y": 2052.0,
      "stick_left_range_y": 1250.0,
      "stick_right_center_x": 2140.5,
      "stick_right_range_x": 1120.5,
      "stick_right_center_y": 2110.5,
      "stick_right_range_y": 1113.5,
      "preferred_device_path": "",
      "stick_left_octagon": [
        [
          1.0,
          0.008
        ],
        [
          0.7630293159609121,
          0.7456
        ],
        [
          0.08469055374592833,
          0.9944
        ],
        [
          -0.752442996742671,
          0.712
        ],
        [
          -1.0,
          -0.0184
        ],
        [
          -0.7728013029315961,
          -0.7176
        ],
        [
          -0.04560260586319218,
          -1.0
        ],
        [
          0.7312703583061889,
          -0.7488
        ]
      ],
      "stick_right_octagon": [
        [
          1.0,
          -0.023798832510103278
        ],
        [
          0.7599286033020973,
          0.7144140098787607
        ],
        [
          0.015618027666220438,
          1.0
        ],
        [
          -0.7376171352074966,
          0.7063313875168388
        ],
        [
          -1.0,
          0.02918724741805119
        ],
        [
          -0.7349397590361446,
          -0.7063313875168388
        ],
        [
          0.08433734939759036,
          -0.9982038616973506
        ],
        [
          0.7947344935296743,
          -0.7431522227211496
        ]
      ]
    },
    "1": {
      "trigger_left_base": 33.0,
      "trigger_left_bump": 182.0,
      "trigger_left_max": 225.0,
      "trigger_right_base": 29.0,
      "trigger_right_bump": 180.0,
      "trigger_right_max": 224.0,
      "stick_left_center_x": 2116.0,
      "stick_left_range_x": 1241.0,
      "stick_left_center_y": 2070.0,
      "stick_left_range_y": 1245.0,
      "stick_right_center_x": 2096.5,
      "stick_right_range_x": 1125.5,
      "stick_right_center_y": 2067.0,
      "stick_right_range_y": 1133.0,
      "preferred_device_path": "",
      "stick_left_octagon": [
        [
          1.0,
          0.013654618473895583
        ],
        [
          0.7566478646253022,
          0.763855421686747
        ],
        [
          0.088638195004029,
          1.0
        ],
        [
          -0.7590652699435939,
          0.727710843373494
        ],
        [
          -1.0,
          -0.00642570281124498
        ],
        [
          -0.7687348912167606,
          -0.7453815261044177
        ],
        [
          -0.017727639000805803,
          -1.0
        ],
        [
          0.7332796132151491,
          -0.7751004016064257
        ]
      ],
      "stick_right_octagon": [
        [
          1.0,
          -0.01588702559576346
        ],
        [
          0.730786317192359,
          0.7308031774051191
        ],
        [
          -0.003109729009329187,
          1.0
        ],
        [
          -0.7574411372723234,
          0.7140335392762577
        ],
        [
          -1.0,
          0.00264783759929391
        ],
        [
          -0.7592181252776544,
          -0.675198587819947
        ],
        [
          -0.02265659706796979,
          -1.0
        ],
        [
          0.7592181252776544,
          -0.7299205648720212
        ]
      ]
    },
    "2": {
      "trigger_left_base": 32.0,
      "trigger_left_bump": 190.0,
      "trigger_left_max": 230.0,
      "trigger_right_base": 32.0,
      "trigger_right_bump": 190.0,
      "trigger_right_max": 230.0,
      "stick_left_center_x": 2048,
      "stick_left_range_x": 2048,
      "stick_left_center_y": 2048,
      "stick_left_range_y": 2048,