{
  "version": 3,
  "global": {
    "known_ble_devices": {
      "3C:A9:AB:60:22:B0/P": {
        "stick_left_octagon": [
          [
            1.0,
            0.016224772457459437
          ],
          [
            0.7646586345381526,
            0.7388207360506529
          ],
          [
            0.02248995983935743,
            1.0
          ],
          [
            -0.7485943775100402,
            0.7095370003957262
          ],
          [
            -1.0,
            -0.020973486347447567
          ],
          [
            -0.7646586345381526,
            -0.7293233082706767
          ],
          [
            -0.01927710843373494,
            -1.0
          ],
          [
            0.727710843373494,
            -0.7681044717055797
          ]
        ],
        "stick_left_range_y": 1263.5,
        "stick_right_center_y": 2068.0,
        "stick_right_range_x": 1133.5,
        "trigger_right_max": 225.0,
        "trigger_left_max": 230.0,
        "stick_left_center_x": 2112.0,
        "stick_right_octagon": [
          [
            1.0,
            -0.022887323943661973
          ],
          [
            0.7344508160564622,
            0.7315140845070423
          ],
          [
            -0.0013233348037053375,
            1.0
          ],
          [
            -0.7362152624614028,
            0.7174295774647887
          ],
          [
            -1.0,
            -0.01232394366197183
          ],
          [
            -0.7379797088663432,
            -0.6839788732394366
          ],
          [
            -0.0013233348037053375,
            -1.0
          ],
          [
            0.7591530657256286,
            -0.7315140845070423
          ]
        ],
        "stick_right_center_x": 2085.5,
        "stick_left_center_y": 2082.5,
        "stick_right_range_y": 1136.0,
        "trigger_left_base": 32.0,
        "stick_left_range_x": 1245.0,
        "trigger_left_bump": 175.0,
        "trigger_right_base": 30.0,
        "trigger_right_bump": 188.0
      }
    },
    "trigger_bump_100_percent": false,
    "minimize_to_tray": true,
    "auto_connect": false,
    "emulation_mode": "xbox360"
  }
}